{"cameraMode":{"drawMode":0,"name":"Shaded","section":"Shading Mode"},"sceneLighting":false,"audioPlay":false,"sceneViewState":{"m_AlwaysRefresh":false,"showFog":true,"showSkybox":false,"showFlares":true,"showImageEffects":true,"showParticleSystems":true,"showVisualEffectGraphs":true,"m_FxEnabled":true},"in2DMode":false,"pivot":{"x":-0.8088784217834473,"y":-1.4193334579467774,"z":-2.7861361503601076},"rotation":{"x":0.03177696838974953,"y":-0.9674635529518127,"z":0.1959230899810791,"w":0.15691441297531129},"size":2.9660251140594484,"orthographic":false}